INSERT INTO Tool (name, stock)
VALUES ('Молоток', 50),
       ('Гаечный ключ', 50),
       ('Отвертка', 35),
       ('Набор головок', 15),
       ('Ключ для свечей', 10),
       ('Торцевой ключ', 20),
       ('Набор отверток', 30),
       ('Монтажный трос', 40),
       ('Пассатижи', 15),
       ('Компрессор', 5),
       ('Разводная гайка', 100),
       ('Гидравлический домкрат', 5),
       ('Клещи-кусачки', 20),
       ('Линейка', 30),
       ('Сверло', 50) ON CONFLICT DO NOTHING;

INSERT INTO Offer (name, description, price)
VALUES ('Замена масла', 'Замена масла в двигателе', 1000),
       ('Ремонт электрики', 'Диагностика и ремонт электрооборудования', 1500),
       ('Тормозные работы', 'Замена колодок и дисков', 1200),
       ('Ремонт двигателя', 'Капитальный ремонт двигателя', 5000),
       ('Замена стекла', 'Замена поврежденного стекла', 800),
       ('Шиномонтаж', 'Замена и балансировка шин', 500),
       ('Ремонт подвески', 'Замена элементов подвески', 900),
       ('Покраска автомобиля', 'Полная покраска автомобиля', 3000),
       ('Диагностика двигателя', 'Проверка и диагностика работы двигателя', 700),
       ('Замена аккумулятора', 'Замена старого аккумулятора на новый', 600) ON CONFLICT DO NOTHING;

INSERT INTO OfferTool (offerid, toolid)
VALUES (1, 13),
       (1, 14),
       (1, 1),
       (2, 7),
       (2, 2),
       (2, 3),
       (2, 4),
       (2, 5),
       (3, 6),
       (4, 13),
       (4, 14),
       (4, 1),
       (4, 10),
       (4, 11),
       (4, 12),
       (5, 8),
       (5, 9),
       (6, 7),
       (6, 2),
       (6, 3),
       (7, 6),
       (8, 15),
       (9, 13),
       (9, 14),
       (9, 1),
       (9, 10),
       (10, 8)
ON CONFLICT DO NOTHING;


INSERT INTO Detail (name, stock, price)
VALUES ('Моторное масло', 20, 1000),
       ('Тормозная колодка', 15, 1500),
       ('Тормозной диск', 20, 2000),
       ('Свеча зажигания', 30, 500),
       ('Фильтр воздушный', 10, 800),
       ('Фильтр масляный', 12, 700),
       ('Топливный фильтр', 18, 600),
       ('Ремень генератора', 8, 1200),
       ('Подшипник ступицы', 5, 2000),
       ('Амортизаторы передние', 10, 3000),
       ('Рулевая рейка', 3, 4000),
       ('Лобовое стекло', 10, 3000),
       ('Шина', 30, 500),
       ('Аккумулятор', 5, 1500) ON CONFLICT DO NOTHING;

INSERT INTO offerdetail (offerid, detailid)
VALUES (1, 1),
       (2, 3),
       (3, 2),
       (3, 3),
       (4, 1),
       (4, 7),
       (4, 8),
       (5, 12),
       (6, 13),
       (7, 9),
       (7, 10),
       (10, 14)
ON CONFLICT DO NOTHING;

INSERT INTO DetailProvider (name, contact)
VALUES ('Автозапчасти24', 'телефон: 8-800-555-35-35, email: info@avtozapchasti24.ru'),
       ('Запчастинет', 'телефон: 8-800-123-45-67, email: info@zapchinnet.ru'),
       ('АвтоМир', 'телефон: 8-800-987-65-43, email: info@avto-mir.ru'),
       ('Запчасти456', 'телефон: 8-800-111-22-33, email: info@zapchasti456.ru'),
       ('Запчасти7', 'телефон: 8-800-999-88-77, email: info@zapchasti7.ru'),
       ('АвтоЗапчасти2000', 'телефон: 8-800-222-11-00, email: info@avtozapchasti2000.ru'),
       ('ЗапчаМастер', 'телефон: 8-800-456-78-90, email: info@zapchamaster.ru'),
       ('АвтоДеталь', 'телефон: 8-800-333-44-55, email: info@avtodetali.ru'),
       ('ЗапчастиМир', 'телефон: 8-800-777-99-00, email: info@zapastimir.ru'),
       ('АвтоЗапас', 'телефон: 8-800-666-33-22, email: info@avtozapas.ru') ON CONFLICT DO NOTHING;

INSERT INTO detailproviderdetail (detailproviderid, detailid)
VALUES (1, 1),
       (1, 2),
       (2, 3),
       (2, 4),
       (3, 5),
       (3, 6),
       (4, 7),
       (4, 8),
       (5, 9),
       (5, 10),
       (6, 11),
       (6, 12),
       (7, 13),
       (7, 14),
       (8, 1),
       (8, 9),
       (9, 2),
       (9, 12),
       (10, 3),
       (10, 10)
ON CONFLICT DO NOTHING;


INSERT INTO Client (name, surname, phone, email)
VALUES ('Иван', 'Иванов', '+79123456789', 'ivanov@example.com'),
       ('Петр', 'Петров', '+79234567890', 'petrov@example.com'),
       ('Алексей', 'Сидоров', '+79345678901', 'sidorov@example.com'),
       ('Елена', 'Смирнова', '+79456789012', 'smirnova@example.com'),
       ('Мария', 'Кузнецова', '+79567890123', 'kuznetsova@example.com'),
       ('Андрей', 'Васильев', '+79678901234', 'vasilev@example.com'),
       ('Ольга', 'Попова', '+79789012345', 'popova@example.com'),
       ('Сергей', 'Морозов', '+79890123456', 'morozov@example.com'),
       ('Татьяна', 'Новикова', '+79901234567', 'novikova@example.com'),
       ('Дмитрий', 'Козлов', '+79912345678', 'kozlov@example.com') ON CONFLICT DO NOTHING;

INSERT INTO Car (brand, model, creation_date)
VALUES ('Toyota', 'Corolla', '2018-01-01'),
       ('BMW', 'X5', '2019-05-15'),
       ('Mercedes-Benz', 'E-Class', '2017-11-20'),
       ('Volkswagen', 'Golf', '2020-09-10'),
       ('Audi', 'A4', '2016-03-07'),
       ('Honda', 'Civic', '2019-12-30'),
       ('Ford', 'Focus', '2017-06-18'),
       ('Chevrolet', 'Cruze', '2018-08-25'),
       ('Nissan', 'Qashqai', '2016-10-05'),
       ('Hyundai', 'Elantra', '2020-04-12') ON CONFLICT DO NOTHING;

INSERT INTO Employee (name, surname, snils)
VALUES ('Иван', 'Иванов', '123-456-789 12'),
       ('Петр', 'Петров', '987-654-321 98'),
       ('Алексей', 'Сидоров', '345-678-912 34'),
       ('Елена', 'Смирнова', '567-890-123 56'),
       ('Наталья', 'Кузнецова', '789-012-345 78'),
       ('Дмитрий', 'Васильев', '901-234-567 90'),
       ('Анна', 'Павлова', '234-567-890 23'),
       ('Максим', 'Николаев', '456-789-012 45'),
       ('Ольга', 'Иванова', '678-901-234 67'),
       ('Сергей', 'Петров', '890-123-456 89'),
       ('Ирина', 'Сидорова', '012-345-678 01'),
       ('Александр', 'Смирнов', '123-456-789 12'),
       ('Екатерина', 'Кузнецова', '987-654-321 98'),
       ('Андрей', 'Васильев', '345-678-912 34'),
       ('Мария', 'Павлова', '567-890-123 56'),
       ('Денис', 'Николаев', '789-012-345 78'),
       ('Юлия', 'Иванова', '901-234-567 90'),
       ('Виктор', 'Петров', '234-567-890 23'),
       ('Елена', 'Сидорова', '456-789-012 45'),
       ('Михаил', 'Смирнов', '678-901-234 67'),
       ('Анастасия', 'Кузнецова', '890-123-456 89'),
       ('Владимир', 'Васильев', '012-345-678 01'),
       ('Татьяна', 'Павлова', '123-456-789 12'),
       ('Алексей', 'Николаев', '987-654-321 98'),
       ('Оксана', 'Иванова', '345-678-912 34'),
       ('Дмитрий', 'Петров', '567-890-123 56'),
       ('Наталья', 'Сидорова', '789-012-345 78'),
       ('Иван', 'Смирнов', '901-234-567 90'),
       ('Анна', 'Кузнецова', '234-567-890 23'),
       ('Сергей', 'Васильев', '456-789-012 45'),
       ('Галина', 'Павлова', '678-901-234 67'),
       ('Александр', 'Николаев', '890-123-456 89'),
       ('Екатерина', 'Иванова', '012-345-678 01'),
       ('Андрей', 'Петров', '123-456-789 12'),
       ('Мария', 'Сидорова', '987-654-321 98'),
       ('Денис', 'Смирнов', '345-678-912 34'),
       ('Юлия', 'Кузнецова', '567-890-123 56'),
       ('Виктор', 'Васильев', '789-012-345 78'),
       ('Елена', 'Павлова', '901-234-567 90'),
       ('Михаил', 'Николаев', '234-567-890 23') ON CONFLICT DO NOTHING;


INSERT INTO Worker (employeeid, specialization)
VALUES (11, 'Механик'),
       (12, 'Электрик'),
       (13, 'Стекольщик'),
       (14, 'Шиномонтажник'),
       (15, 'Маляр'),
       (16, 'Автоэлектрик'),
       (17, 'Диагност'),
       (18, 'Кузовной мастер'),
       (19, 'Сварщик'),
       (20, 'Автомойщик') ON CONFLICT DO NOTHING;

INSERT INTO Purchase (clientid, carid, workerid, state, createdat, closedat)
VALUES (1, 1, 11, 'Ожидает выполнения', '2023-01-01', null),
       (2, 2, 12, 'Выполнен', '2023-02-01', '2023-02-03'),
       (3, 4, 13, 'В процессе', '2023-03-01', null),
       (4, 3, 14, 'Ожидает выполнения', '2023-04-01', null),
       (5, 5, 15, 'Выполнен', '2023-05-01', '2023-05-03'),
       (6, 7, 16, 'Ожидает выполнения', '2023-06-01', null),
       (7, 6, 17, 'Выполнен', '2023-07-01', '2023-07-02'),
       (8, 9, 18, 'В процессе', '2023-08-01', null),
       (9, 8, 19, 'Ожидает выполнения', '2023-09-01', null),
       (10, 10, 20, 'Выполнен', '2023-10-01', '2023-10-02') ON CONFLICT DO NOTHING;


INSERT INTO OfferPurchase (offerid, purchaseid)
VALUES (1, 4),
       (2, 3),
       (3, 6),
       (4, 5),
       (5, 2),
       (6, 1),
       (7, 8),
       (8, 9),
       (9, 10),
       (10, 7)
ON CONFLICT DO NOTHING;

INSERT INTO Review (clientid, reviewtext, rating)
VALUES (1, 'Отличный сервис! Быстро и качественно выполнили все работы.', 5),
       (2, 'Не советую обращаться в этот сервис. Очень плохое качество работы.', 1),
       (3, 'Очень доволен сервисом. Ребята знают свое дело.', 4),
       (4, 'Хороший автосервис. Цены адекватные, работают быстро.', 4),
       (5, 'Отличное обслуживание. Рекомендую всем!', 5),
       (6, 'Не смогли решить проблему с моей машиной. Результатом не доволен.', 2),
       (7, 'Хороший сервисный центр. Все сделали оперативно и качественно.', 4),
       (8, 'Не советую обращаться сюда. Испортили мой автомобиль.', 1),
       (9, 'Профессиональный и ответственный персонал. Очень доволен!', 5),
       (10, 'Быстро и качественно починили мою машину. Спасибо!', 5) ON CONFLICT DO NOTHING;

INSERT INTO ReviewOffer (offerid, reviewid)
VALUES (1, 1),
       (2, 2),
       (3, 3),
       (4, 6),
       (5, 5),
       (6, 4),
       (7, 8),
       (8, 9),
       (9, 10),
       (10, 7)
ON CONFLICT DO NOTHING;

INSERT INTO CarClient (carid, clientid)
VALUES (1, 3),
       (2, 4),
       (3, 6),
       (4, 5),
       (5, 2),
       (6, 1),
       (7, 7),
       (8, 9),
       (9, 10),
       (10, 8)
ON CONFLICT DO NOTHING;

INSERT INTO Administrator (employeeid, roles)
VALUES (1, 'продвинутый'),
       (2, 'базовый'),
       (3, 'продвинутый'),
       (4, 'базовый'),
       (5, 'полный доступ'),
       (6, 'базовый'),
       (7, 'полный доступ'),
       (8, 'продвинутый'),
       (9, 'базовый'),
       (10, 'продвинутый') ON CONFLICT DO NOTHING;

INSERT INTO AdministratorPurchase (administratorid, purchaseid)
VALUES (1, 1),
       (2, 2),
       (3, 3),
       (4, 6),
       (5, 5),
       (6, 4),
       (7, 8),
       (8, 9),
       (9, 10),
       (10, 7)
ON CONFLICT DO NOTHING;

INSERT INTO Manufacturer (employeeid, detail_specialization)
VALUES (21, 'Двигатели'),
       (22, 'Электрооборудование'),
       (23, 'Рулевое управление'),
       (24, 'Тормозная система'),
       (25, 'Система охлаждения'),
       (26, 'Сцепление'),
       (27, 'Трансмиссия'),
       (28, 'Подвеска'),
       (29, 'Выхлопная система'),
       (30, 'Система питания') ON CONFLICT DO NOTHING;

INSERT INTO CallCenterWorker (employeeid, workingtimestart, workingtimeend)
VALUES (31, '09:00:00', '18:00:00'),
       (32, '10:00:00', '19:00:00'),
       (33, '08:30:00', '17:30:00'),
       (34, '09:30:00', '18:30:00'),
       (35, '08:00:00', '17:00:00'),
       (36, '10:30:00', '19:30:00'),
       (37, '08:30:00', '17:30:00'),
       (38, '09:00:00', '18:00:00'),
       (39, '09:30:00', '18:30:00'),
       (40, '08:00:00', '17:00:00') ON CONFLICT DO NOTHING;

INSERT INTO STO (name, phone)
VALUES ('Автосервис "АвтоМастер"', '+71234567890'),
       ('Автосервис "АвтоСервисПлюс"', '+79876543210'),
       ('Автосервис "Автоэкспресс"', '+75555555555'),
       ('Автосервис "Автоштурм"', '+71112223344'),
       ('Автосервис "Автохелп"', '+79998887766'),
       ('Автосервис "МастерГараж"', '+77777777777'),
       ('Автосервис "АвтоСервисЦентр"', '+75554443322'),
       ('Автосервис "Гараж"', '+72223334455'),
       ('Автосервис "Автофикс"', '+77071234567'),
       ('Автосервис "АвтоРемонт"', '+78901234567') ON CONFLICT DO NOTHING;

INSERT INTO EmployeeSTO (employeeid, stoid)
VALUES (1, 1),
       (2, 8),
       (3, 10),
       (4, 2),
       (5, 3),
       (6, 4),
       (7, 5),
       (8, 6),
       (9, 7),
       (10, 9),
       (11, 1),
       (12, 2),
       (13, 3),
       (14, 4),
       (15, 5),
       (16, 6),
       (17, 7),
       (18, 8),
       (19, 9),
       (20, 10),
       (21, 1),
       (22, 2),
       (23, 3),
       (24, 4),
       (25, 5),
       (26, 6),
       (27, 7),
       (28, 8),
       (29, 9),
       (30, 10),
       (31, 2),
       (32, 3),
       (33, 4),
       (34, 5),
       (35, 6),
       (36, 7),
       (37, 8),
       (38, 9),
       (39, 1),
       (40, 10)
ON CONFLICT DO NOTHING;